p_noise	bell_state	optimization_level	routing_method	noise_adaptive	fidelity	success_rate	depth	gate_count	cx_count	sx_count	x_count	rz_count	initial_layout	adaptive_path	blind_layout
0.01	phi_plus	1	sabre	TRUE	0.977540201	0.985839844	4	7	4	1	0	2	[4, 6]	[4, 5, 6]	[0, 1]
0.01	phi_plus	1	sabre	FALSE	0.928906807	0.955200195	4	4	1	1	0	2	[0, 1]	[4, 5, 6]	[0, 1]
0.01	phi_plus	1	lookahead	TRUE	0.97755793	0.997192383	7	7	4	1	0	2	[4, 6]	[4, 5, 6]	[0, 1]
0.01	phi_plus	1	lookahead	FALSE	0.928906807	0.955200195	4	4	1	1	0	2	[0, 1]	[4, 5, 6]	[0, 1]
0.01	phi_plus	2	sabre	TRUE	0.977540201	0.985839844	4	7	4	1	0	2	[4, 6]	[4, 5, 6]	[0, 1]
0.01	phi_plus	2	sabre	FALSE	0.928906807	0.955200195	4	4	1	1	0	2	[0, 1]	[4, 5, 6]	[0, 1]
0.01	phi_plus	2	lookahead	TRUE	0.97755793	0.997192383	7	7	4	1	0	2	[4, 6]	[4, 5, 6]	[0, 1]
0.01	phi_plus	2	lookahead	FALSE	0.928906807	0.955200195	4	4	1	1	0	2	[0, 1]	[4, 5, 6]	[0, 1]
0.01	phi_plus	3	sabre	TRUE	0.977540201	0.985839844	4	7	4	1	0	2	[4, 6]	[4, 5, 6]	[0, 1]
0.01	phi_plus	3	sabre	FALSE	0.928906807	0.955200195	4	4	1	1	0	2	[0, 1]	[4, 5, 6]	[0, 1]
0.01	phi_plus	3	lookahead	TRUE	0.97755793	0.997192383	7	7	4	1	0	2	[4, 6]	[4, 5, 6]	[0, 1]
0.01	phi_plus	3	lookahead	FALSE	0.928906807	0.955200195	4	4	1	1	0	2	[0, 1]	[4, 5, 6]	[0, 1]
0.01	phi_minus	1	sabre	TRUE	0.9775402	0.985839844	5	8	4	1	0	3	[4, 6]	[4, 5, 6]	[0, 1]
0.01	phi_minus	1	sabre	FALSE	0.928906807	0.955200195	5	5	1	1	0	3	[0, 1]	[4, 5, 6]	[0, 1]
0.01	phi_minus	1	lookahead	TRUE	0.97755793	0.997192383	8	8	4	1	0	3	[4, 6]	[4, 5, 6]	[0, 1]
0.01	phi_minus	1	lookahead	FALSE	0.928906807	0.955200195	5	5	1	1	0	3	[0, 1]	[4, 5, 6]	[0, 1]
0.01	phi_minus	2	sabre	TRUE	0.977540201	0.985839844	4	7	4	1	0	2	[4, 6]	[4, 5, 6]	[0, 1]
0.01	phi_minus	2	sabre	FALSE	0.928906807	0.955200195	4	4	1	1	0	2	[0, 1]	[4, 5, 6]	[0, 1]
0.01	phi_minus	2	lookahead	TRUE	0.97755793	0.997192383	8	8	4	1	0	3	[4, 6]	[4, 5, 6]	[0, 1]
0.01	phi_minus	2	lookahead	FALSE	0.928906807	0.955200195	4	4	1	1	0	2	[0, 1]	[4, 5, 6]	[0, 1]
0.01	phi_minus	3	sabre	TRUE	0.977540201	0.985839844	4	7	4	1	0	2	[4, 6]	[4, 5, 6]	[0, 1]
0.01	phi_minus	3	sabre	FALSE	0.928906807	0.955200195	4	4	1	1	0	2	[0, 1]	[4, 5, 6]	[0, 1]
0.01	phi_minus	3	lookahead	TRUE	0.97755793	0.997192383	8	8	4	1	0	3	[4, 6]	[4, 5, 6]	[0, 1]
0.01	phi_minus	3	lookahead	FALSE	0.928906807	0.955200195	4	4	1	1	0	2	[0, 1]	[4, 5, 6]	[0, 1]
0.01	psi_plus	1	sabre	TRUE	0.971993054	0.984985352	5	8	4	1	1	2	[4, 6]	[4, 5, 6]	[0, 1]
0.01	psi_plus	1	sabre	FALSE	0.9202168	0.951416016	5	5	1	1	1	2	[0, 1]	[4, 5, 6]	[0, 1]
0.01	psi_plus	1	lookahead	TRUE	0.972010649	0.993774414	8	8	4	1	1	2	[4, 6]	[4, 5, 6]	[0, 1]
0.01	psi_plus	1	lookahead	FALSE	0.9202168	0.951416016	5	5	1	1	1	2	[0, 1]	[4, 5, 6]	[0, 1]
0.01	psi_plus	2	sabre	TRUE	0.971993054	0.984985352	5	8	4	1	1	2	[4, 6]	[4, 5, 6]	[0, 1]
0.01	psi_plus	2	sabre	FALSE	0.9202168	0.951416016	5	5	1	1	1	2	[0, 1]	[4, 5, 6]	[0, 1]
0.01	psi_plus	2	lookahead	TRUE	0.972010649	0.993774414	8	8	4	1	1	2	[4, 6]	[4, 5, 6]	[0, 1]
0.01	psi_plus	2	lookahead	FALSE	0.9202168	0.951416016	5	5	1	1	1	2	[0, 1]	[4, 5, 6]	[0, 1]
0.01	psi_plus	3	sabre	TRUE	0.971993054	0.984985352	5	8	4	1	1	2	[4, 6]	[4, 5, 6]	[0, 1]
0.01	psi_plus	3	sabre	FALSE	0.9202168	0.951416016	5	5	1	1	1	2	[0, 1]	[4, 5, 6]	[0, 1]
0.01	psi_plus	3	lookahead	TRUE	0.972010649	0.993774414	8	8	4	1	1	2	[4, 6]	[4, 5, 6]	[0, 1]
0.01	psi_plus	3	lookahead	FALSE	0.9202168	0.951416016	5	5	1	1	1	2	[0, 1]	[4, 5, 6]	[0, 1]
0.01	psi_minus	1	sabre	TRUE	0.971993054	0.984985352	5	9	4	1	1	3	[4, 6]	[4, 5, 6]	[0, 1]
0.01	psi_minus	1	sabre	FALSE	0.9202168	0.951416016	5	6	1	1	1	3	[0, 1]	[4, 5, 6]	[0, 1]
0.01	psi_minus	1	lookahead	TRUE	0.972010648	0.993774414	8	9	4	1	1	3	[4, 6]	[4, 5, 6]	[0, 1]
0.01	psi_minus	1	lookahead	FALSE	0.9202168	0.951416016	5	6	1	1	1	3	[0, 1]	[4, 5, 6]	[0, 1]
0.01	psi_minus	2	sabre	TRUE	0.971993054	0.984985352	5	8	4	1	1	2	[4, 6]	[4, 5, 6]	[0, 1]
0.01	psi_minus	2	sabre	FALSE	0.9202168	0.951416016	5	5	1	1	1	2	[0, 1]	[4, 5, 6]	[0, 1]
0.01	psi_minus	2	lookahead	TRUE	0.972010648	0.993774414	8	9	4	1	1	3	[4, 6]	[4, 5, 6]	[0, 1]
0.01	psi_minus	2	lookahead	FALSE	0.9202168	0.951416016	5	5	1	1	1	2	[0, 1]	[4, 5, 6]	[0, 1]
0.01	psi_minus	3	sabre	TRUE	0.971993054	0.984985352	5	8	4	1	1	2	[4, 6]	[4, 5, 6]	[0, 1]
0.01	psi_minus	3	sabre	FALSE	0.9202168	0.951416016	5	5	1	1	1	2	[0, 1]	[4, 5, 6]	[0, 1]
0.01	psi_minus	3	lookahead	TRUE	0.972010648	0.993774414	8	9	4	1	1	3	[4, 6]	[4, 5, 6]	[0, 1]
0.01	psi_minus	3	lookahead	FALSE	0.9202168	0.951416016	5	5	1	1	1	2	[0, 1]	[4, 5, 6]	[0, 1]
0.02	phi_plus	1	sabre	TRUE	0.955555494	0.976806641	4	7	4	1	0	2	[4, 6]	[4, 5, 6]	[0, 1]
0.02	phi_plus	1	sabre	FALSE	0.85892721	0.911621094	4	4	1	1	0	2	[0, 1]	[4, 5, 6]	[0, 1]
0.02	phi_plus	1	lookahead	TRUE	0.955625518	0.993164063	7	7	4	1	0	2	[4, 6]	[4, 5, 6]	[0, 1]
0.02	phi_plus	1	lookahead	FALSE	0.85892721	0.911621094	4	4	1	1	0	2	[0, 1]	[4, 5, 6]	[0, 1]
0.02	phi_plus	2	sabre	TRUE	0.955555494	0.976806641	4	7	4	1	0	2	[4, 6]	[4, 5, 6]	[0, 1]
0.02	phi_plus	2	sabre	FALSE	0.85892721	0.911621094	4	4	1	1	0	2	[0, 1]	[4, 5, 6]	[0, 1]
0.02	phi_plus	2	lookahead	TRUE	0.955625518	0.993164063	7	7	4	1	0	2	[4, 6]	[4, 5, 6]	[0, 1]
0.02	phi_plus	2	lookahead	FALSE	0.85892721	0.911621094	4	4	1	1	0	2	[0, 1]	[4, 5, 6]	[0, 1]
0.02	phi_plus	3	sabre	TRUE	0.955555494	0.976806641	4	7	4	1	0	2	[4, 6]	[4, 5, 6]	[0, 1]
0.02	phi_plus	3	sabre	FALSE	0.85892721	0.911621094	4	4	1	1	0	2	[0, 1]	[4, 5, 6]	[0, 1]
0.02	phi_plus	3	lookahead	TRUE	0.955625518	0.993164063	7	7	4	1	0	2	[4, 6]	[4, 5, 6]	[0, 1]
0.02	phi_plus	3	lookahead	FALSE	0.85892721	0.911621094	4	4	1	1	0	2	[0, 1]	[4, 5, 6]	[0, 1]
0.02	phi_minus	1	sabre	TRUE	0.955555493	0.976806641	5	8	4	1	0	3	[4, 6]	[4, 5, 6]	[0, 1]
0.02	phi_minus	1	sabre	FALSE	0.85892721	0.911621094	5	5	1	1	0	3	[0, 1]	[4, 5, 6]	[0, 1]
0.02	phi_minus	1	lookahead	TRUE	0.955625518	0.993164063	8	8	4	1	0	3	[4, 6]	[4, 5, 6]	[0, 1]
0.02	phi_minus	1	lookahead	FALSE	0.85892721	0.911621094	5	5	1	1	0	3	[0, 1]	[4, 5, 6]	[0, 1]
0.02	phi_minus	2	sabre	TRUE	0.955555494	0.976806641	4	7	4	1	0	2	[4, 6]	[4, 5, 6]	[0, 1]
0.02	phi_minus	2	sabre	FALSE	0.85892721	0.911621094	4	4	1	1	0	2	[0, 1]	[4, 5, 6]	[0, 1]
0.02	phi_minus	2	lookahead	TRUE	0.955625518	0.993164063	8	8	4	1	0	3	[4, 6]	[4, 5, 6]	[0, 1]
0.02	phi_minus	2	lookahead	FALSE	0.85892721	0.911621094	4	4	1	1	0	2	[0, 1]	[4, 5, 6]	[0, 1]
0.02	phi_minus	3	sabre	TRUE	0.955555494	0.976806641	4	7	4	1	0	2	[4, 6]	[4, 5, 6]	[0, 1]
0.02	phi_minus	3	sabre	FALSE	0.85892721	0.911621094	4	4	1	1	0	2	[0, 1]	[4, 5, 6]	[0, 1]
0.02	phi_minus	3	lookahead	TRUE	0.955625518	0.993164063	8	8	4	1	0	3	[4, 6]	[4, 5, 6]	[0, 1]
0.02	phi_minus	3	lookahead	FALSE	0.85892721	0.911621094	4	4	1	1	0	2	[0, 1]	[4, 5, 6]	[0, 1]
0.02	psi_plus	1	sabre	TRUE	0.944760132	0.969726563	5	8	4	1	1	2	[4, 6]	[4, 5, 6]	[0, 1]
0.02	psi_plus	1	sabre	FALSE	0.843338674	0.907104492	5	5	1	1	1	2	[0, 1]	[4, 5, 6]	[0, 1]
0.02	psi_plus	1	lookahead	TRUE	0.944829093	0.985839844	8	8	4	1	1	2	[4, 6]	[4, 5, 6]	[0, 1]
0.02	psi_plus	1	lookahead	FALSE	0.843338674	0.907104492	5	5	1	1	1	2	[0, 1]	[4, 5, 6]	[0, 1]
0.02	psi_plus	2	sabre	TRUE	0.944760132	0.969726563	5	8	4	1	1	2	[4, 6]	[4, 5, 6]	[0, 1]
0.02	psi_plus	2	sabre	FALSE	0.843338674	0.907104492	5	5	1	1	1	2	[0, 1]	[4, 5, 6]	[0, 1]
0.02	psi_plus	2	lookahead	TRUE	0.944829093	0.985839844	8	8	4	1	1	2	[4, 6]	[4, 5, 6]	[0, 1]
0.02	psi_plus	2	lookahead	FALSE	0.843338674	0.907104492	5	5	1	1	1	2	[0, 1]	[4, 5, 6]	[0, 1]
0.02	psi_plus	3	sabre	TRUE	0.944760132	0.969726563	5	8	4	1	1	2	[4, 6]	[4, 5, 6]	[0, 1]
0.02	psi_plus	3	sabre	FALSE	0.843338674	0.907104492	5	5	1	1	1	2	[0, 1]	[4, 5, 6]	[0, 1]
0.02	psi_plus	3	lookahead	TRUE	0.944829093	0.985839844	8	8	4	1	1	2	[4, 6]	[4, 5, 6]	[0, 1]
0.02	psi_plus	3	lookahead	FALSE	0.843338674	0.907104492	5	5	1	1	1	2	[0, 1]	[4, 5, 6]	[0, 1]
0.02	psi_minus	1	sabre	TRUE	0.944760132	0.969726563	5	9	4	1	1	3	[4, 6]	[4, 5, 6]	[0, 1]
0.02	psi_minus	1	sabre	FALSE	0.843338674	0.907104492	5	6	1	1	1	3	[0, 1]	[4, 5, 6]	[0, 1]
0.02	psi_minus	1	lookahead	TRUE	0.944829093	0.985839844	8	9	4	1	1	3	[4, 6]	[4, 5, 6]	[0, 1]
0.02	psi_minus	1	lookahead	FALSE	0.843338674	0.907104492	5	6	1	1	1	3	[0, 1]	[4, 5, 6]	[0, 1]
0.02	psi_minus	2	sabre	TRUE	0.944760132	0.969726563	5	8	4	1	1	2	[4, 6]	[4, 5, 6]	[0, 1]
0.02	psi_minus	2	sabre	FALSE	0.843338674	0.907104492	5	5	1	1	1	2	[0, 1]	[4, 5, 6]	[0, 1]
0.02	psi_minus	2	lookahead	TRUE	0.944829093	0.985839844	8	9	4	1	1	3	[4, 6]	[4, 5, 6]	[0, 1]
0.02	psi_minus	2	lookahead	FALSE	0.843338674	0.907104492	5	5	1	1	1	2	[0, 1]	[4, 5, 6]	[0, 1]
0.02	psi_minus	3	sabre	TRUE	0.944760132	0.969726563	5	8	4	1	1	2	[4, 6]	[4, 5, 6]	[0, 1]
0.02	psi_minus	3	sabre	FALSE	0.843338674	0.907104492	5	5	1	1	1	2	[0, 1]	[4, 5, 6]	[0, 1]
0.02	psi_minus	3	lookahead	TRUE	0.944829093	0.985839844	8	9	4	1	1	3	[4, 6]	[4, 5, 6]	[0, 1]
0.02	psi_minus	3	lookahead	FALSE	0.843338674	0.907104492	5	5	1	1	1	2	[0, 1]	[4, 5, 6]	[0, 1]
0.03	phi_plus	1	sabre	TRUE	0.934038009	0.963867188	4	7	4	1	0	2	[4, 6]	[4, 5, 6]	[0, 1]
0.03	phi_plus	1	sabre	FALSE	0.790061211	0.866821289	4	4	1	1	0	2	[0, 1]	[4, 5, 6]	[0, 1]
0.03	phi_plus	1	lookahead	TRUE	0.934193571	0.989013672	7	7	4	1	0	2	[4, 6]	[4, 5, 6]	[0, 1]
0.03	phi_plus	1	lookahead	FALSE	0.790061211	0.866821289	4	4	1	1	0	2	[0, 1]	[4, 5, 6]	[0, 1]
0.03	phi_plus	2	sabre	TRUE	0.934038009	0.963867188	4	7	4	1	0	2	[4, 6]	[4, 5, 6]	[0, 1]
0.03	phi_plus	2	sabre	FALSE	0.790061211	0.866821289	4	4	1	1	0	2	[0, 1]	[4, 5, 6]	[0, 1]
0.03	phi_plus	2	lookahead	TRUE	0.934193571	0.989013672	7	7	4	1	0	2	[4, 6]	[4, 5, 6]	[0, 1]
0.03	phi_plus	2	lookahead	FALSE	0.790061211	0.866821289	4	4	1	1	0	2	[0, 1]	[4, 5, 6]	[0, 1]
0.03	phi_plus	3	sabre	TRUE	0.934038009	0.963867188	4	7	4	1	0	2	[4, 6]	[4, 5, 6]	[0, 1]
0.03	phi_plus	3	sabre	FALSE	0.790061211	0.866821289	4	4	1	1	0	2	[0, 1]	[4, 5, 6]	[0, 1]
0.03	phi_plus	3	lookahead	TRUE	0.934193571	0.989013672	7	7	4	1	0	2	[4, 6]	[4, 5, 6]	[0, 1]
0.03	phi_plus	3	lookahead	FALSE	0.790061211	0.866821289	4	4	1	1	0	2	[0, 1]	[4, 5, 6]	[0, 1]
0.03	phi_minus	1	sabre	TRUE	0.934038008	0.963867188	5	8	4	1	0	3	[4, 6]	[4, 5, 6]	[0, 1]
0.03	phi_minus	1	sabre	FALSE	0.790061211	0.866821289	5	5	1	1	0	3	[0, 1]	[4, 5, 6]	[0, 1]
0.03	phi_minus	1	lookahead	TRUE	0.934193571	0.989013672	8	8	4	1	0	3	[4, 6]	[4, 5, 6]	[0, 1]
0.03	phi_minus	1	lookahead	FALSE	0.790061211	0.866821289	5	5	1	1	0	3	[0, 1]	[4, 5, 6]	[0, 1]
0.03	phi_minus	2	sabre	TRUE	0.934038009	0.963867188	4	7	4	1	0	2	[4, 6]	[4, 5, 6]	[0, 1]
0.03	phi_minus	2	sabre	FALSE	0.790061211	0.866821289	4	4	1	1	0	2	[0, 1]	[4, 5, 6]	[0, 1]
0.03	phi_minus	2	lookahead	TRUE	0.934193571	0.989013672	8	8	4	1	0	3	[4, 6]	[4, 5, 6]	[0, 1]
0.03	phi_minus	2	lookahead	FALSE	0.790061211	0.866821289	4	4	1	1	0	2	[0, 1]	[4, 5, 6]	[0, 1]
0.03	phi_minus	3	sabre	TRUE	0.934038009	0.963867188	4	7	4	1	0	2	[4, 6]	[4, 5, 6]	[0, 1]
0.03	phi_minus	3	sabre	FALSE	0.790061211	0.866821289	4	4	1	1	0	2	[0, 1]	[4, 5, 6]	[0, 1]
0.03	phi_minus	3	lookahead	TRUE	0.934193571	0.989013672	8	8	4	1	0	3	[4, 6]	[4, 5, 6]	[0, 1]
0.03	phi_minus	3	lookahead	FALSE	0.790061211	0.866821289	4	4	1	1	0	2	[0, 1]	[4, 5, 6]	[0, 1]
0.03	psi_plus	1	sabre	TRUE	0.918283383	0.957763672	5	8	4	1	1	2	[4, 6]	[4, 5, 6]	[0, 1]
0.03	psi_plus	1	sabre	FALSE	0.769322861	0.861450195	5	5	1	1	1	2	[0, 1]	[4, 5, 6]	[0, 1]
0.03	psi_plus	1	lookahead	TRUE	0.918435399	0.978393555	8	8	4	1	1	2	[4, 6]	[4, 5, 6]	[0, 1]
0.03	psi_plus	1	lookahead	FALSE	0.769322861	0.861450195	5	5	1	1	1	2	[0, 1]	[4, 5, 6]	[0, 1]
0.03	psi_plus	2	sabre	TRUE	0.918283383	0.957763672	5	8	4	1	1	2	[4, 6]	[4, 5, 6]	[0, 1]
0.03	psi_plus	2	sabre	FALSE	0.769322861	0.861450195	5	5	1	1	1	2	[0, 1]	[4, 5, 6]	[0, 1]
0.03	psi_plus	2	lookahead	TRUE	0.918435399	0.978393555	8	8	4	1	1	2	[4, 6]	[4, 5, 6]	[0, 1]
0.03	psi_plus	2	lookahead	FALSE	0.769322861	0.861450195	5	5	1	1	1	2	[0, 1]	[4, 5, 6]	[0, 1]
0.03	psi_plus	3	sabre	TRUE	0.918283383	0.957763672	5	8	4	1	1	2	[4, 6]	[4, 5, 6]	[0, 1]
0.03	psi_plus	3	sabre	FALSE	0.769322861	0.861450195	5	5	1	1	1	2	[0, 1]	[4, 5, 6]	[0, 1]
0.03	psi_plus	3	lookahead	TRUE	0.918435399	0.978393555	8	8	4	1	1	2	[4, 6]	[4, 5, 6]	[0, 1]
0.03	psi_plus	3	lookahead	FALSE	0.769322861	0.861450195	5	5	1	1	1	2	[0, 1]	[4, 5, 6]	[0, 1]
0.03	psi_minus	1	sabre	TRUE	0.918283383	0.957763672	5	9	4	1	1	3	[4, 6]	[4, 5, 6]	[0, 1]
0.03	psi_minus	1	sabre	FALSE	0.769322861	0.861450195	5	6	1	1	1	3	[0, 1]	[4, 5, 6]	[0, 1]
0.03	psi_minus	1	lookahead	TRUE	0.918435399	0.978393555	8	9	4	1	1	3	[4, 6]	[4, 5, 6]	[0, 1]
0.03	psi_minus	1	lookahead	FALSE	0.769322861	0.861450195	5	6	1	1	1	3	[0, 1]	[4, 5, 6]	[0, 1]
0.03	psi_minus	2	sabre	TRUE	0.918283383	0.957763672	5	8	4	1	1	2	[4, 6]	[4, 5, 6]	[0, 1]
0.03	psi_minus	2	sabre	FALSE	0.769322861	0.861450195	5	5	1	1	1	2	[0, 1]	[4, 5, 6]	[0, 1]
0.03	psi_minus	2	lookahead	TRUE	0.918435399	0.978393555	8	9	4	1	1	3	[4, 6]	[4, 5, 6]	[0, 1]
0.03	psi_minus	2	lookahead	FALSE	0.769322861	0.861450195	5	5	1	1	1	2	[0, 1]	[4, 5, 6]	[0, 1]
0.03	psi_minus	3	sabre	TRUE	0.918283383	0.957763672	5	8	4	1	1	2	[4, 6]	[4, 5, 6]	[0, 1]
0.03	psi_minus	3	sabre	FALSE	0.769322861	0.861450195	5	5	1	1	1	2	[0, 1]	[4, 5, 6]	[0, 1]
0.03	psi_minus	3	lookahead	TRUE	0.918435399	0.978393555	8	9	4	1	1	3	[4, 6]	[4, 5, 6]	[0, 1]
0.03	psi_minus	3	lookahead	FALSE	0.769322861	0.861450195	5	5	1	1	1	2	[0, 1]	[4, 5, 6]	[0, 1]
0.04	phi_plus	1	sabre	TRUE	0.912979964	0.953857422	4	7	4	1	0	2	[4, 6]	[4, 5, 6]	[0, 1]
0.04	phi_plus	1	sabre	FALSE	0.722308812	0.820678711	4	4	1	1	0	2	[0, 1]	[4, 5, 6]	[0, 1]
0.04	phi_plus	1	lookahead	TRUE	0.913253006	0.986572266	7	7	4	1	0	2	[4, 6]	[4, 5, 6]	[0, 1]
0.04	phi_plus	1	lookahead	FALSE	0.722308812	0.820678711	4	4	1	1	0	2	[0, 1]	[4, 5, 6]	[0, 1]
0.04	phi_plus	2	sabre	TRUE	0.912979964	0.953857422	4	7	4	1	0	2	[4, 6]	[4, 5, 6]	[0, 1]
0.04	phi_plus	2	sabre	FALSE	0.722308812	0.820678711	4	4	1	1	0	2	[0, 1]	[4, 5, 6]	[0, 1]
0.04	phi_plus	2	lookahead	TRUE	0.913253006	0.986572266	7	7	4	1	0	2	[4, 6]	[4, 5, 6]	[0, 1]
0.04	phi_plus	2	lookahead	FALSE	0.722308812	0.820678711	4	4	1	1	0	2	[0, 1]	[4, 5, 6]	[0, 1]
0.04	phi_plus	3	sabre	TRUE	0.912979964	0.953857422	4	7	4	1	0	2	[4, 6]	[4, 5, 6]	[0, 1]
0.04	phi_plus	3	sabre	FALSE	0.722308812	0.820678711	4	4	1	1	0	2	[0, 1]	[4, 5, 6]	[0, 1]
0.04	phi_plus	3	lookahead	TRUE	0.913253006	0.986572266	7	7	4	1	0	2	[4, 6]	[4, 5, 6]	[0, 1]
0.04	phi_plus	3	lookahead	FALSE	0.722308812	0.820678711	4	4	1	1	0	2	[0, 1]	[4, 5, 6]	[0, 1]
0.04	phi_minus	1	sabre	TRUE	0.912979963	0.953857422	5	8	4	1	0	3	[4, 6]	[4, 5, 6]	[0, 1]
0.04	phi_minus	1	sabre	FALSE	0.722308812	0.820678711	5	5	1	1	0	3	[0, 1]	[4, 5, 6]	[0, 1]
0.04	phi_minus	1	lookahead	TRUE	0.913253005	0.986572266	8	8	4	1	0	3	[4, 6]	[4, 5, 6]	[0, 1]
0.04	phi_minus	1	lookahead	FALSE	0.722308812	0.820678711	5	5	1	1	0	3	[0, 1]	[4, 5, 6]	[0, 1]
0.04	phi_minus	2	sabre	TRUE	0.912979964	0.953857422	4	7	4	1	0	2	[4, 6]	[4, 5, 6]	[0, 1]
0.04	phi_minus	2	sabre	FALSE	0.722308812	0.820678711	4	4	1	1	0	2	[0, 1]	[4, 5, 6]	[0, 1]
0.04	phi_minus	2	lookahead	TRUE	0.913253005	0.986572266	8	8	4	1	0	3	[4, 6]	[4, 5, 6]	[0, 1]
0.04	phi_minus	2	lookahead	FALSE	0.722308812	0.820678711	4	4	1	1	0	2	[0, 1]	[4, 5, 6]	[0, 1]
0.04	phi_minus	3	sabre	TRUE	0.912979964	0.953857422	4	7	4	1	0	2	[4, 6]	[4, 5, 6]	[0, 1]
0.04	phi_minus	3	sabre	FALSE	0.722308812	0.820678711	4	4	1	1	0	2	[0, 1]	[4, 5, 6]	[0, 1]
0.04	phi_minus	3	lookahead	TRUE	0.913253005	0.986572266	8	8	4	1	0	3	[4, 6]	[4, 5, 6]	[0, 1]
0.04	phi_minus	3	lookahead	FALSE	0.722308812	0.820678711	4	4	1	1	0	2	[0, 1]	[4, 5, 6]	[0, 1]
0.04	psi_plus	1	sabre	TRUE	0.892545273	0.941162109	5	8	4	1	1	2	[4, 6]	[4, 5, 6]	[0, 1]
0.04	psi_plus	1	sabre	FALSE	0.698126602	0.816894531	5	5	1	1	1	2	[0, 1]	[4, 5, 6]	[0, 1]
0.04	psi_plus	1	lookahead	TRUE	0.892810015	0.972412109	8	8	4	1	1	2	[4, 6]	[4, 5, 6]	[0, 1]
0.04	psi_plus	1	lookahead	FALSE	0.698126602	0.816894531	5	5	1	1	1	2	[0, 1]	[4, 5, 6]	[0, 1]
0.04	psi_plus	2	sabre	TRUE	0.892545273	0.941162109	5	8	4	1	1	2	[4, 6]	[4, 5, 6]	[0, 1]
0.04	psi_plus	2	sabre	FALSE	0.698126602	0.816894531	5	5	1	1	1	2	[0, 1]	[4, 5, 6]	[0, 1]
0.04	psi_plus	2	lookahead	TRUE	0.892810015	0.972412109	8	8	4	1	1	2	[4, 6]	[4, 5, 6]	[0, 1]
0.04	psi_plus	2	lookahead	FALSE	0.698126602	0.816894531	5	5	1	1	1	2	[0, 1]	[4, 5, 6]	[0, 1]
0.04	psi_plus	3	sabre	TRUE	0.892545273	0.941162109	5	8	4	1	1	2	[4, 6]	[4, 5, 6]	[0, 1]
0.04	psi_plus	3	sabre	FALSE	0.698126602	0.816894531	5	5	1	1	1	2	[0, 1]	[4, 5, 6]	[0, 1]
0.04	psi_plus	3	lookahead	TRUE	0.892810015	0.972412109	8	8	4	1	1	2	[4, 6]	[4, 5, 6]	[0, 1]
0.04	psi_plus	3	lookahead	FALSE	0.698126602	0.816894531	5	5	1	1	1	2	[0, 1]	[4, 5, 6]	[0, 1]
0.04	psi_minus	1	sabre	TRUE	0.892545273	0.941162109	5	9	4	1	1	3	[4, 6]	[4, 5, 6]	[0, 1]
0.04	psi_minus	1	sabre	FALSE	0.698126602	0.816894531	5	6	1	1	1	3	[0, 1]	[4, 5, 6]	[0, 1]
0.04	psi_minus	1	lookahead	TRUE	0.892810014	0.972412109	8	9	4	1	1	3	[4, 6]	[4, 5, 6]	[0, 1]
0.04	psi_minus	1	lookahead	FALSE	0.698126602	0.816894531	5	6	1	1	1	3	[0, 1]	[4, 5, 6]	[0, 1]
0.04	psi_minus	2	sabre	TRUE	0.892545273	0.941162109	5	8	4	1	1	2	[4, 6]	[4, 5, 6]	[0, 1]
0.04	psi_minus	2	sabre	FALSE	0.698126602	0.816894531	5	5	1	1	1	2	[0, 1]	[4, 5, 6]	[0, 1]
0.04	psi_minus	2	lookahead	TRUE	0.892810014	0.972412109	8	9	4	1	1	3	[4, 6]	[4, 5, 6]	[0, 1]
0.04	psi_minus	2	lookahead	FALSE	0.698126602	0.816894531	5	5	1	1	1	2	[0, 1]	[4, 5, 6]	[0, 1]
0.04	psi_minus	3	sabre	TRUE	0.892545273	0.941162109	5	8	4	1	1	2	[4, 6]	[4, 5, 6]	[0, 1]
0.04	psi_minus	3	sabre	FALSE	0.698126602	0.816894531	5	5	1	1	1	2	[0, 1]	[4, 5, 6]	[0, 1]
0.04	psi_minus	3	lookahead	TRUE	0.892810014	0.972412109	8	9	4	1	1	3	[4, 6]	[4, 5, 6]	[0, 1]
0.04	psi_minus	3	lookahead	FALSE	0.698126602	0.816894531	5	5	1	1	1	2	[0, 1]	[4, 5, 6]	[0, 1]
0.05	phi_plus	1	sabre	TRUE	0.892373667	0.945556641	4	7	4	1	0	2	[4, 6]	[4, 5, 6]	[0, 1]
0.05	phi_plus	1	sabre	FALSE	0.655670013	0.775878906	4	4	1	1	0	2	[0, 1]	[4, 5, 6]	[0, 1]
0.05	phi_plus	1	lookahead	TRUE	0.892794852	0.983032227	7	7	4	1	0	2	[4, 6]	[4, 5, 6]	[0, 1]
0.05	phi_plus	1	lookahead	FALSE	0.655670013	0.775878906	4	4	1	1	0	2	[0, 1]	[4, 5, 6]	[0, 1]
0.05	phi_plus	2	sabre	TRUE	0.892373667	0.945556641	4	7	4	1	0	2	[4, 6]	[4, 5, 6]	[0, 1]
0.05	phi_plus	2	sabre	FALSE	0.655670013	0.775878906	4	4	1	1	0	2	[0, 1]	[4, 5, 6]	[0, 1]
0.05	phi_plus	2	lookahead	TRUE	0.892794852	0.983032227	7	7	4	1	0	2	[4, 6]	[4, 5, 6]	[0, 1]
0.05	phi_plus	2	lookahead	FALSE	0.655670013	0.775878906	4	4	1	1	0	2	[0, 1]	[4, 5, 6]	[0, 1]
0.05	phi_plus	3	sabre	TRUE	0.892373667	0.945556641	4	7	4	1	0	2	[4, 6]	[4, 5, 6]	[0, 1]
0.05	phi_plus	3	sabre	FALSE	0.655670013	0.775878906	4	4	1	1	0	2	[0, 1]	[4, 5, 6]	[0, 1]
0.05	phi_plus	3	lookahead	TRUE	0.892794852	0.983032227	7	7	4	1	0	2	[4, 6]	[4, 5, 6]	[0, 1]
0.05	phi_plus	3	lookahead	FALSE	0.655670013	0.775878906	4	4	1	1	0	2	[0, 1]	[4, 5, 6]	[0, 1]
0.05	phi_minus	1	sabre	TRUE	0.892373667	0.945556641	5	8	4	1	0	3	[4, 6]	[4, 5, 6]	[0, 1]
0.05	phi_minus	1	sabre	FALSE	0.655670013	0.775878906	5	5	1	1	0	3	[0, 1]	[4, 5, 6]	[0, 1]
0.05	phi_minus	1	lookahead	TRUE	0.892794851	0.983032227	8	8	4	1	0	3	[4, 6]	[4, 5, 6]	[0, 1]
0.05	phi_minus	1	lookahead	FALSE	0.655670013	0.775878906	5	5	1	1	0	3	[0, 1]	[4, 5, 6]	[0, 1]
0.05	phi_minus	2	sabre	TRUE	0.892373667	0.945556641	4	7	4	1	0	2	[4, 6]	[4, 5, 6]	[0, 1]
0.05	phi_minus	2	sabre	FALSE	0.655670013	0.775878906	4	4	1	1	0	2	[0, 1]	[4, 5, 6]	[0, 1]
0.05	phi_minus	2	lookahead	TRUE	0.892794851	0.983032227	8	8	4	1	0	3	[4, 6]	[4, 5, 6]	[0, 1]
0.05	phi_minus	2	lookahead	FALSE	0.655670013	0.775878906	4	4	1	1	0	2	[0, 1]	[4, 5, 6]	[0, 1]
0.05	phi_minus	3	sabre	TRUE	0.892373667	0.945556641	4	7	4	1	0	2	[4, 6]	[4, 5, 6]	[0, 1]
0.05	phi_minus	3	sabre	FALSE	0.655670013	0.775878906	4	4	1	1	0	2	[0, 1]	[4, 5, 6]	[0, 1]
0.05	phi_minus	3	lookahead	TRUE	0.892794851	0.983032227	8	8	4	1	0	3	[4, 6]	[4, 5, 6]	[0, 1]
0.05	phi_minus	3	lookahead	FALSE	0.655670013	0.775878906	4	4	1	1	0	2	[0, 1]	[4, 5, 6]	[0, 1]
0.05	psi_plus	1	sabre	TRUE	0.867528586	0.923583984	5	8	4	1	1	2	[4, 6]	[4, 5, 6]	[0, 1]
0.05	psi_plus	1	sabre	FALSE	0.629707133	0.772216797	5	5	1	1	1	2	[0, 1]	[4, 5, 6]	[0, 1]
0.05	psi_plus	1	lookahead	TRUE	0.867933765	0.965820313	8	8	4	1	1	2	[4, 6]	[4, 5, 6]	[0, 1]
0.05	psi_plus	1	lookahead	FALSE	0.629707133	0.772216797	5	5	1	1	1	2	[0, 1]	[4, 5, 6]	[0, 1]
0.05	psi_plus	2	sabre	TRUE	0.867528586	0.923583984	5	8	4	1	1	2	[4, 6]	[4, 5, 6]	[0, 1]
0.05	psi_plus	2	sabre	FALSE	0.629707133	0.772216797	5	5	1	1	1	2	[0, 1]	[4, 5, 6]	[0, 1]
0.05	psi_plus	2	lookahead	TRUE	0.867933765	0.965820313	8	8	4	1	1	2	[4, 6]	[4, 5, 6]	[0, 1]
0.05	psi_plus	2	lookahead	FALSE	0.629707133	0.772216797	5	5	1	1	1	2	[0, 1]	[4, 5, 6]	[0, 1]
0.05	psi_plus	3	sabre	TRUE	0.867528586	0.923583984	5	8	4	1	1	2	[4, 6]	[4, 5, 6]	[0, 1]
0.05	psi_plus	3	sabre	FALSE	0.629707133	0.772216797	5	5	1	1	1	2	[0, 1]	[4, 5, 6]	[0, 1]
0.05	psi_plus	3	lookahead	TRUE	0.867933765	0.965820313	8	8	4	1	1	2	[4, 6]	[4, 5, 6]	[0, 1]
0.05	psi_plus	3	lookahead	FALSE	0.629707133	0.772216797	5	5	1	1	1	2	[0, 1]	[4, 5, 6]	[0, 1]
0.05	psi_minus	1	sabre	TRUE	0.867528585	0.923583984	5	9	4	1	1	3	[4, 6]	[4, 5, 6]	[0, 1]
0.05	psi_minus	1	sabre	FALSE	0.629707133	0.772216797	5	6	1	1	1	3	[0, 1]	[4, 5, 6]	[0, 1]
0.05	psi_minus	1	lookahead	TRUE	0.867933765	0.965820313	8	9	4	1	1	3	[4, 6]	[4, 5, 6]	[0, 1]
0.05	psi_minus	1	lookahead	FALSE	0.629707133	0.772216797	5	6	1	1	1	3	[0, 1]	[4, 5, 6]	[0, 1]
0.05	psi_minus	2	sabre	TRUE	0.867528586	0.923583984	5	8	4	1	1	2	[4, 6]	[4, 5, 6]	[0, 1]
0.05	psi_minus	2	sabre	FALSE	0.629707133	0.772216797	5	5	1	1	1	2	[0, 1]	[4, 5, 6]	[0, 1]
0.05	psi_minus	2	lookahead	TRUE	0.867933765	0.965820313	8	9	4	1	1	3	[4, 6]	[4, 5, 6]	[0, 1]
0.05	psi_minus	2	lookahead	FALSE	0.629707133	0.772216797	5	5	1	1	1	2	[0, 1]	[4, 5, 6]	[0, 1]
0.05	psi_minus	3	sabre	TRUE	0.867528586	0.923583984	5	8	4	1	1	2	[4, 6]	[4, 5, 6]	[0, 1]
0.05	psi_minus	3	sabre	FALSE	0.629707133	0.772216797	5	5	1	1	1	2	[0, 1]	[4, 5, 6]	[0, 1]
0.05	psi_minus	3	lookahead	TRUE	0.867933765	0.965820313	8	9	4	1	1	3	[4, 6]	[4, 5, 6]	[0, 1]
0.05	psi_minus	3	lookahead	FALSE	0.629707133	0.772216797	5	5	1	1	1	2	[0, 1]	[4, 5, 6]	[0, 1]
0.06	phi_plus	1	sabre	TRUE	0.872211518	0.932861328	4	7	4	1	0	2	[4, 6]	[4, 5, 6]	[0, 1]
0.06	phi_plus	1	sabre	FALSE	0.590144814	0.734619141	4	4	1	1	0	2	[0, 1]	[4, 5, 6]	[0, 1]
0.06	phi_plus	1	lookahead	TRUE	0.872810251	0.980224609	7	7	4	1	0	2	[4, 6]	[4, 5, 6]	[0, 1]
0.06	phi_plus	1	lookahead	FALSE	0.590144814	0.734619141	4	4	1	1	0	2	[0, 1]	[4, 5, 6]	[0, 1]
0.06	phi_plus	2	sabre	TRUE	0.872211518	0.932861328	4	7	4	1	0	2	[4, 6]	[4, 5, 6]	[0, 1]
0.06	phi_plus	2	sabre	FALSE	0.590144814	0.734619141	4	4	1	1	0	2	[0, 1]	[4, 5, 6]	[0, 1]
0.06	phi_plus	2	lookahead	TRUE	0.872810251	0.980224609	7	7	4	1	0	2	[4, 6]	[4, 5, 6]	[0, 1]
0.06	phi_plus	2	lookahead	FALSE	0.590144814	0.734619141	4	4	1	1	0	2	[0, 1]	[4, 5, 6]	[0, 1]
0.06	phi_plus	3	sabre	TRUE	0.872211518	0.932861328	4	7	4	1	0	2	[4, 6]	[4, 5, 6]	[0, 1]
0.06	phi_plus	3	sabre	FALSE	0.590144814	0.734619141	4	4	1	1	0	2	[0, 1]	[4, 5, 6]	[0, 1]
0.06	phi_plus	3	lookahead	TRUE	0.872810251	0.980224609	7	7	4	1	0	2	[4, 6]	[4, 5, 6]	[0, 1]
0.06	phi_plus	3	lookahead	FALSE	0.590144814	0.734619141	4	4	1	1	0	2	[0, 1]	[4, 5, 6]	[0, 1]
0.06	phi_minus	1	sabre	TRUE	0.872211518	0.932861328	5	8	4	1	0	3	[4, 6]	[4, 5, 6]	[0, 1]
0.06	phi_minus	1	sabre	FALSE	0.590144814	0.734619141	5	5	1	1	0	3	[0, 1]	[4, 5, 6]	[0, 1]
0.06	phi_minus	1	lookahead	TRUE	0.87281025	0.980224609	8	8	4	1	0	3	[4, 6]	[4, 5, 6]	[0, 1]
0.06	phi_minus	1	lookahead	FALSE	0.590144814	0.734619141	5	5	1	1	0	3	[0, 1]	[4, 5, 6]	[0, 1]
0.06	phi_minus	2	sabre	TRUE	0.872211518	0.932861328	4	7	4	1	0	2	[4, 6]	[4, 5, 6]	[0, 1]
0.06	phi_minus	2	sabre	FALSE	0.590144814	0.734619141	4	4	1	1	0	2	[0, 1]	[4, 5, 6]	[0, 1]
0.06	phi_minus	2	lookahead	TRUE	0.87281025	0.980224609	8	8	4	1	0	3	[4, 6]	[4, 5, 6]	[0, 1]
0.06	phi_minus	2	lookahead	FALSE	0.590144814	0.734619141	4	4	1	1	0	2	[0, 1]	[4, 5, 6]	[0, 1]
0.06	phi_minus	3	sabre	TRUE	0.872211518	0.932861328	4	7	4	1	0	2	[4, 6]	[4, 5, 6]	[0, 1]
0.06	phi_minus	3	sabre	FALSE	0.590144814	0.734619141	4	4	1	1	0	2	[0, 1]	[4, 5, 6]	[0, 1]
0.06	phi_minus	3	lookahead	TRUE	0.87281025	0.980224609	8	8	4	1	0	3	[4, 6]	[4, 5, 6]	[0, 1]
0.06	phi_minus	3	lookahead	FALSE	0.590144814	0.734619141	4	4	1	1	0	2	[0, 1]	[4, 5, 6]	[0, 1]
0.06	psi_plus	1	sabre	TRUE	0.84321642	0.911865234	5	8	4	1	1	2	[4, 6]	[4, 5, 6]	[0, 1]
0.06	psi_plus	1	sabre	FALSE	0.564021693	0.727294922	5	5	1	1	1	2	[0, 1]	[4, 5, 6]	[0, 1]
0.06	psi_plus	1	lookahead	TRUE	0.843787851	0.958740234	8	8	4	1	1	2	[4, 6]	[4, 5, 6]	[0, 1]
0.06	psi_plus	1	lookahead	FALSE	0.564021693	0.727294922	5	5	1	1	1	2	[0, 1]	[4, 5, 6]	[0, 1]
0.06	psi_plus	2	sabre	TRUE	0.84321642	0.911865234	5	8	4	1	1	2	[4, 6]	[4, 5, 6]	[0, 1]
0.06	psi_plus	2	sabre	FALSE	0.564021693	0.727294922	5	5	1	1	1	2	[0, 1]	[4, 5, 6]	[0, 1]
0.06	psi_plus	2	lookahead	TRUE	0.843787851	0.958740234	8	8	4	1	1	2	[4, 6]	[4, 5, 6]	[0, 1]
0.06	psi_plus	2	lookahead	FALSE	0.564021693	0.727294922	5	5	1	1	1	2	[0, 1]	[4, 5, 6]	[0, 1]
0.06	psi_plus	3	sabre	TRUE	0.84321642	0.911865234	5	8	4	1	1	2	[4, 6]	[4, 5, 6]	[0, 1]
0.06	psi_plus	3	sabre	FALSE	0.564021693	0.727294922	5	5	1	1	1	2	[0, 1]	[4, 5, 6]	[0, 1]
0.06	psi_plus	3	lookahead	TRUE	0.843787851	0.958740234	8	8	4	1	1	2	[4, 6]	[4, 5, 6]	[0, 1]
0.06	psi_plus	3	lookahead	FALSE	0.564021693	0.727294922	5	5	1	1	1	2	[0, 1]	[4, 5, 6]	[0, 1]
0.06	psi_minus	1	sabre	TRUE	0.84321642	0.911865234	5	9	4	1	1	3	[4, 6]	[4, 5, 6]	[0, 1]
0.06	psi_minus	1	sabre	FALSE	0.564021693	0.727294922	5	6	1	1	1	3	[0, 1]	[4, 5, 6]	[0, 1]
0.06	psi_minus	1	lookahead	TRUE	0.84378785	0.958740234	8	9	4	1	1	3	[4, 6]	[4, 5, 6]	[0, 1]
0.06	psi_minus	1	lookahead	FALSE	0.564021693	0.727294922	5	6	1	1	1	3	[0, 1]	[4, 5, 6]	[0, 1]
0.06	psi_minus	2	sabre	TRUE	0.84321642	0.911865234	5	8	4	1	1	2	[4, 6]	[4, 5, 6]	[0, 1]
0.06	psi_minus	2	sabre	FALSE	0.564021693	0.727294922	5	5	1	1	1	2	[0, 1]	[4, 5, 6]	[0, 1]
0.06	psi_minus	2	lookahead	TRUE	0.84378785	0.958740234	8	9	4	1	1	3	[4, 6]	[4, 5, 6]	[0, 1]
0.06	psi_minus	2	lookahead	FALSE	0.564021693	0.727294922	5	5	1	1	1	2	[0, 1]	[4, 5, 6]	[0, 1]
0.06	psi_minus	3	sabre	TRUE	0.84321642	0.911865234	5	8	4	1	1	2	[4, 6]	[4, 5, 6]	[0, 1]
0.06	psi_minus	3	sabre	FALSE	0.564021693	0.727294922	5	5	1	1	1	2	[0, 1]	[4, 5, 6]	[0, 1]
0.06	psi_minus	3	lookahead	TRUE	0.84378785	0.958740234	8	9	4	1	1	3	[4, 6]	[4, 5, 6]	[0, 1]
0.06	psi_minus	3	lookahead	FALSE	0.564021693	0.727294922	5	5	1	1	1	2	[0, 1]	[4, 5, 6]	[0, 1]
0.07	phi_plus	1	sabre	TRUE	0.852486003	0.921264648	4	7	4	1	0	2	[4, 6]	[4, 5, 6]	[0, 1]
0.07	phi_plus	1	sabre	FALSE	0.525733214	0.686645508	4	4	1	1	0	2	[0, 1]	[4, 5, 6]	[0, 1]
0.07	phi_plus	1	lookahead	TRUE	0.853290456	0.977539063	7	7	4	1	0	2	[4, 6]	[4, 5, 6]	[0, 1]
0.07	phi_plus	1	lookahead	FALSE	0.525733214	0.686645508	4	4	1	1	0	2	[0, 1]	[4, 5, 6]	[0, 1]
0.07	phi_plus	2	sabre	TRUE	0.852486003	0.921264648	4	7	4	1	0	2	[4, 6]	[4, 5, 6]	[0, 1]
0.07	phi_plus	2	sabre	FALSE	0.525733214	0.686645508	4	4	1	1	0	2	[0, 1]	[4, 5, 6]	[0, 1]
0.07	phi_plus	2	lookahead	TRUE	0.853290456	0.977539063	7	7	4	1	0	2	[4, 6]	[4, 5, 6]	[0, 1]
0.07	phi_plus	2	lookahead	FALSE	0.525733214	0.686645508	4	4	1	1	0	2	[0, 1]	[4, 5, 6]	[0, 1]
0.07	phi_plus	3	sabre	TRUE	0.852486003	0.921264648	4	7	4	1	0	2	[4, 6]	[4, 5, 6]	[0, 1]
0.07	phi_plus	3	sabre	FALSE	0.525733214	0.686645508	4	4	1	1	0	2	[0, 1]	[4, 5, 6]	[0, 1]
0.07	phi_plus	3	lookahead	TRUE	0.853290456	0.977539063	7	7	4	1	0	2	[4, 6]	[4, 5, 6]	[0, 1]
0.07	phi_plus	3	lookahead	FALSE	0.525733214	0.686645508	4	4	1	1	0	2	[0, 1]	[4, 5, 6]	[0, 1]
0.07	phi_minus	1	sabre	TRUE	0.852486003	0.921264648	5	8	4	1	0	3	[4, 6]	[4, 5, 6]	[0, 1]
0.07	phi_minus	1	sabre	FALSE	0.525733214	0.686645508	5	5	1	1	0	3	[0, 1]	[4, 5, 6]	[0, 1]
0.07	phi_minus	1	lookahead	TRUE	0.853290455	0.977539063	8	8	4	1	0	3	[4, 6]	[4, 5, 6]	[0, 1]
0.07	phi_minus	1	lookahead	FALSE	0.525733214	0.686645508	5	5	1	1	0	3	[0, 1]	[4, 5, 6]	[0, 1]
0.07	phi_minus	2	sabre	TRUE	0.852486003	0.921264648	4	7	4	1	0	2	[4, 6]	[4, 5, 6]	[0, 1]
0.07	phi_minus	2	sabre	FALSE	0.525733214	0.686645508	4	4	1	1	0	2	[0, 1]	[4, 5, 6]	[0, 1]
0.07	phi_minus	2	lookahead	TRUE	0.853290455	0.977539063	8	8	4	1	0	3	[4, 6]	[4, 5, 6]	[0, 1]
0.07	phi_minus	2	lookahead	FALSE	0.525733214	0.686645508	4	4	1	1	0	2	[0, 1]	[4, 5, 6]	[0, 1]
0.07	phi_minus	3	sabre	TRUE	0.852486003	0.921264648	4	7	4	1	0	2	[4, 6]	[4, 5, 6]	[0, 1]
0.07	phi_minus	3	sabre	FALSE	0.525733214	0.686645508	4	4	1	1	0	2	[0, 1]	[4, 5, 6]	[0, 1]
0.07	phi_minus	3	lookahead	TRUE	0.853290455	0.977539063	8	8	4	1	0	3	[4, 6]	[4, 5, 6]	[0, 1]
0.07	phi_minus	3	lookahead	FALSE	0.525733214	0.686645508	4	4	1	1	0	2	[0, 1]	[4, 5, 6]	[0, 1]
0.07	psi_plus	1	sabre	TRUE	0.819592184	0.897949219	5	8	4	1	1	2	[4, 6]	[4, 5, 6]	[0, 1]
0.07	psi_plus	1	sabre	FALSE	0.501027519	0.687255859	5	5	1	1	1	2	[0, 1]	[4, 5, 6]	[0, 1]
0.07	psi_plus	1	lookahead	TRUE	0.82035384	0.952392578	8	8	4	1	1	2	[4, 6]	[4, 5, 6]	[0, 1]
0.07	psi_plus	1	lookahead	FALSE	0.501027519	0.687255859	5	5	1	1	1	2	[0, 1]	[4, 5, 6]	[0, 1]
0.07	psi_plus	2	sabre	TRUE	0.819592184	0.897949219	5	8	4	1	1	2	[4, 6]	[4, 5, 6]	[0, 1]
0.07	psi_plus	2	sabre	FALSE	0.501027519	0.687255859	5	5	1	1	1	2	[0, 1]	[4, 5, 6]	[0, 1]
0.07	psi_plus	2	lookahead	TRUE	0.82035384	0.952392578	8	8	4	1	1	2	[4, 6]	[4, 5, 6]	[0, 1]
0.07	psi_plus	2	lookahead	FALSE	0.501027519	0.687255859	5	5	1	1	1	2	[0, 1]	[4, 5, 6]	[0, 1]
0.07	psi_plus	3	sabre	TRUE	0.819592184	0.897949219	5	8	4	1	1	2	[4, 6]	[4, 5, 6]	[0, 1]
0.07	psi_plus	3	sabre	FALSE	0.501027519	0.687255859	5	5	1	1	1	2	[0, 1]	[4, 5, 6]	[0, 1]
0.07	psi_plus	3	lookahead	TRUE	0.82035384	0.952392578	8	8	4	1	1	2	[4, 6]	[4, 5, 6]	[0, 1]
0.07	psi_plus	3	lookahead	FALSE	0.501027519	0.687255859	5	5	1	1	1	2	[0, 1]	[4, 5, 6]	[0, 1]
0.07	psi_minus	1	sabre	TRUE	0.819592183	0.897949219	5	9	4	1	1	3	[4, 6]	[4, 5, 6]	[0, 1]
0.07	psi_minus	1	sabre	FALSE	0.501027519	0.687255859	5	6	1	1	1	3	[0, 1]	[4, 5, 6]	[0, 1]
0.07	psi_minus	1	lookahead	TRUE	0.820353839	0.952392578	8	9	4	1	1	3	[4, 6]	[4, 5, 6]	[0, 1]
0.07	psi_minus	1	lookahead	FALSE	0.501027519	0.687255859	5	6	1	1	1	3	[0, 1]	[4, 5, 6]	[0, 1]
0.07	psi_minus	2	sabre	TRUE	0.819592184	0.897949219	5	8	4	1	1	2	[4, 6]	[4, 5, 6]	[0, 1]
0.07	psi_minus	2	sabre	FALSE	0.501027519	0.687255859	5	5	1	1	1	2	[0, 1]	[4, 5, 6]	[0, 1]
0.07	psi_minus	2	lookahead	TRUE	0.820353839	0.952392578	8	9	4	1	1	3	[4, 6]	[4, 5, 6]	[0, 1]
0.07	psi_minus	2	lookahead	FALSE	0.501027519	0.687255859	5	5	1	1	1	2	[0, 1]	[4, 5, 6]	[0, 1]
0.07	psi_minus	3	sabre	TRUE	0.819592184	0.897949219	5	8	4	1	1	2	[4, 6]	[4, 5, 6]	[0, 1]
0.07	psi_minus	3	sabre	FALSE	0.501027519	0.687255859	5	5	1	1	1	2	[0, 1]	[4, 5, 6]	[0, 1]
0.07	psi_minus	3	lookahead	TRUE	0.820353839	0.952392578	8	9	4	1	1	3	[4, 6]	[4, 5, 6]	[0, 1]
0.07	psi_minus	3	lookahead	FALSE	0.501027519	0.687255859	5	5	1	1	1	2	[0, 1]	[4, 5, 6]	[0, 1]
0.08	phi_plus	1	sabre	TRUE	0.833189699	0.912841797	4	7	4	1	0	2	[4, 6]	[4, 5, 6]	[0, 1]
0.08	phi_plus	1	sabre	FALSE	0.462435214	0.644287109	4	4	1	1	0	2	[0, 1]	[4, 5, 6]	[0, 1]
0.08	phi_plus	1	lookahead	TRUE	0.83422683	0.975341797	7	7	4	1	0	2	[4, 6]	[4, 5, 6]	[0, 1]
0.08	phi_plus	1	lookahead	FALSE	0.462435214	0.644287109	4	4	1	1	0	2	[0, 1]	[4, 5, 6]	[0, 1]
0.08	phi_plus	2	sabre	TRUE	0.833189699	0.912841797	4	7	4	1	0	2	[4, 6]	[4, 5, 6]	[0, 1]
0.08	phi_plus	2	sabre	FALSE	0.462435214	0.644287109	4	4	1	1	0	2	[0, 1]	[4, 5, 6]	[0, 1]
0.08	phi_plus	2	lookahead	TRUE	0.83422683	0.975341797	7	7	4	1	0	2	[4, 6]	[4, 5, 6]	[0, 1]
0.08	phi_plus	2	lookahead	FALSE	0.462435214	0.644287109	4	4	1	1	0	2	[0, 1]	[4, 5, 6]	[0, 1]
0.08	phi_plus	3	sabre	TRUE	0.833189699	0.912841797	4	7	4	1	0	2	[4, 6]	[4, 5, 6]	[0, 1]
0.08	phi_plus	3	sabre	FALSE	0.462435214	0.644287109	4	4	1	1	0	2	[0, 1]	[4, 5, 6]	[0, 1]
0.08	phi_plus	3	lookahead	TRUE	0.83422683	0.975341797	7	7	4	1	0	2	[4, 6]	[4, 5, 6]	[0, 1]
0.08	phi_plus	3	lookahead	FALSE	0.462435214	0.644287109	4	4	1	1	0	2	[0, 1]	[4, 5, 6]	[0, 1]
0.08	phi_minus	1	sabre	TRUE	0.833189699	0.912841797	5	8	4	1	0	3	[4, 6]	[4, 5, 6]	[0, 1]
0.08	phi_minus	1	sabre	FALSE	0.462435214	0.644287109	5	5	1	1	0	3	[0, 1]	[4, 5, 6]	[0, 1]
0.08	phi_minus	1	lookahead	TRUE	0.834226829	0.975341797	8	8	4	1	0	3	[4, 6]	[4, 5, 6]	[0, 1]
0.08	phi_minus	1	lookahead	FALSE	0.462435214	0.644287109	5	5	1	1	0	3	[0, 1]	[4, 5, 6]	[0, 1]
0.08	phi_minus	2	sabre	TRUE	0.833189699	0.912841797	4	7	4	1	0	2	[4, 6]	[4, 5, 6]	[0, 1]
0.08	phi_minus	2	sabre	FALSE	0.462435214	0.644287109	4	4	1	1	0	2	[0, 1]	[4, 5, 6]	[0, 1]
0.08	phi_minus	2	lookahead	TRUE	0.834226829	0.975341797	8	8	4	1	0	3	[4, 6]	[4, 5, 6]	[0, 1]
0.08	phi_minus	2	lookahead	FALSE	0.462435214	0.644287109	4	4	1	1	0	2	[0, 1]	[4, 5, 6]	[0, 1]
0.08	phi_minus	3	sabre	TRUE	0.833189699	0.912841797	4	7	4	1	0	2	[4, 6]	[4, 5, 6]	[0, 1]
0.08	phi_minus	3	sabre	FALSE	0.462435214	0.644287109	4	4	1	1	0	2	[0, 1]	[4, 5, 6]	[0, 1]
0.08	phi_minus	3	lookahead	TRUE	0.834226829	0.975341797	8	8	4	1	0	3	[4, 6]	[4, 5, 6]	[0, 1]
0.08	phi_minus	3	lookahead	FALSE	0.462435214	0.644287109	4	4	1	1	0	2	[0, 1]	[4, 5, 6]	[0, 1]
0.08	psi_plus	1	sabre	TRUE	0.796639591	0.884521484	5	8	4	1	1	2	[4, 6]	[4, 5, 6]	[0, 1]
0.08	psi_plus	1	sabre	FALSE	0.440681849	0.64855957	5	5	1	1	1	2	[0, 1]	[4, 5, 6]	[0, 1]
0.08	psi_plus	1	lookahead	TRUE	0.797613664	0.947265625	8	8	4	1	1	2	[4, 6]	[4, 5, 6]	[0, 1]
0.08	psi_plus	1	lookahead	FALSE	0.440681849	0.64855957	5	5	1	1	1	2	[0, 1]	[4, 5, 6]	[0, 1]
0.08	psi_plus	2	sabre	TRUE	0.796639591	0.884521484	5	8	4	1	1	2	[4, 6]	[4, 5, 6]	[0, 1]
0.08	psi_plus	2	sabre	FALSE	0.440681849	0.64855957	5	5	1	1	1	2	[0, 1]	[4, 5, 6]	[0, 1]
0.08	psi_plus	2	lookahead	TRUE	0.797613664	0.947265625	8	8	4	1	1	2	[4, 6]	[4, 5, 6]	[0, 1]
0.08	psi_plus	2	lookahead	FALSE	0.440681849	0.64855957	5	5	1	1	1	2	[0, 1]	[4, 5, 6]	[0, 1]
0.08	psi_plus	3	sabre	TRUE	0.796639591	0.884521484	5	8	4	1	1	2	[4, 6]	[4, 5, 6]	[0, 1]
0.08	psi_plus	3	sabre	FALSE	0.440681849	0.64855957	5	5	1	1	1	2	[0, 1]	[4, 5, 6]	[0, 1]
0.08	psi_plus	3	lookahead	TRUE	0.797613664	0.947265625	8	8	4	1	1	2	[4, 6]	[4, 5, 6]	[0, 1]
0.08	psi_plus	3	lookahead	FALSE	0.440681849	0.64855957	5	5	1	1	1	2	[0, 1]	[4, 5, 6]	[0, 1]
0.08	psi_minus	1	sabre	TRUE	0.79663959	0.884521484	5	9	4	1	1	3	[4, 6]	[4, 5, 6]	[0, 1]
0.08	psi_minus	1	sabre	FALSE	0.440681849	0.64855957	5	6	1	1	1	3	[0, 1]	[4, 5, 6]	[0, 1]
0.08	psi_minus	1	lookahead	TRUE	0.797613663	0.947265625	8	9	4	1	1	3	[4, 6]	[4, 5, 6]	[0, 1]
0.08	psi_minus	1	lookahead	FALSE	0.440681849	0.64855957	5	6	1	1	1	3	[0, 1]	[4, 5, 6]	[0, 1]
0.08	psi_minus	2	sabre	TRUE	0.796639591	0.884521484	5	8	4	1	1	2	[4, 6]	[4, 5, 6]	[0, 1]
0.08	psi_minus	2	sabre	FALSE	0.440681849	0.64855957	5	5	1	1	1	2	[0, 1]	[4, 5, 6]	[0, 1]
0.08	psi_minus	2	lookahead	TRUE	0.797613663	0.947265625	8	9	4	1	1	3	[4, 6]	[4, 5, 6]	[0, 1]
0.08	psi_minus	2	lookahead	FALSE	0.440681849	0.64855957	5	5	1	1	1	2	[0, 1]	[4, 5, 6]	[0, 1]
0.08	psi_minus	3	sabre	TRUE	0.796639591	0.884521484	5	8	4	1	1	2	[4, 6]	[4, 5, 6]	[0, 1]
0.08	psi_minus	3	sabre	FALSE	0.440681849	0.64855957	5	5	1	1	1	2	[0, 1]	[4, 5, 6]	[0, 1]
0.08	psi_minus	3	lookahead	TRUE	0.797613663	0.947265625	8	9	4	1	1	3	[4, 6]	[4, 5, 6]	[0, 1]
0.08	psi_minus	3	lookahead	FALSE	0.440681849	0.64855957	5	5	1	1	1	2	[0, 1]	[4, 5, 6]	[0, 1]
0.09	phi_plus	1	sabre	TRUE	0.814315271	0.900146484	4	7	4	1	0	2	[4, 6]	[4, 5, 6]	[0, 1]
0.09	phi_plus	1	sabre	FALSE	0.400250814	0.600830078	4	4	1	1	0	2	[0, 1]	[4, 5, 6]	[0, 1]
0.09	phi_plus	1	lookahead	TRUE	0.815610847	0.973144531	7	7	4	1	0	2	[4, 6]	[4, 5, 6]	[0, 1]
0.09	phi_plus	1	lookahead	FALSE	0.400250814	0.600830078	4	4	1	1	0	2	[0, 1]	[4, 5, 6]	[0, 1]
0.09	phi_plus	2	sabre	TRUE	0.814315271	0.900146484	4	7	4	1	0	2	[4, 6]	[4, 5, 6]	[0, 1]
0.09	phi_plus	2	sabre	FALSE	0.400250814	0.600830078	4	4	1	1	0	2	[0, 1]	[4, 5, 6]	[0, 1]
0.09	phi_plus	2	lookahead	TRUE	0.815610847	0.973144531	7	7	4	1	0	2	[4, 6]	[4, 5, 6]	[0, 1]
0.09	phi_plus	2	lookahead	FALSE	0.400250814	0.600830078	4	4	1	1	0	2	[0, 1]	[4, 5, 6]	[0, 1]
0.09	phi_plus	3	sabre	TRUE	0.814315271	0.900146484	4	7	4	1	0	2	[4, 6]	[4, 5, 6]	[0, 1]
0.09	phi_plus	3	sabre	FALSE	0.400250814	0.600830078	4	4	1	1	0	2	[0, 1]	[4, 5, 6]	[0, 1]
0.09	phi_plus	3	lookahead	TRUE	0.815610847	0.973144531	7	7	4	1	0	2	[4, 6]	[4, 5, 6]	[0, 1]
0.09	phi_plus	3	lookahead	FALSE	0.400250814	0.600830078	4	4	1	1	0	2	[0, 1]	[4, 5, 6]	[0, 1]
0.09	phi_minus	1	sabre	TRUE	0.814315271	0.900146484	5	8	4	1	0	3	[4, 6]	[4, 5, 6]	[0, 1]
0.09	phi_minus	1	sabre	FALSE	0.400250813	0.600830078	5	5	1	1	0	3	[0, 1]	[4, 5, 6]	[0, 1]
0.09	phi_minus	1	lookahead	TRUE	0.815610846	0.973144531	8	8	4	1	0	3	[4, 6]	[4, 5, 6]	[0, 1]
0.09	phi_minus	1	lookahead	FALSE	0.400250813	0.600830078	5	5	1	1	0	3	[0, 1]	[4, 5, 6]	[0, 1]
0.09	phi_minus	2	sabre	TRUE	0.814315271	0.900146484	4	7	4	1	0	2	[4, 6]	[4, 5, 6]	[0, 1]
0.09	phi_minus	2	sabre	FALSE	0.400250814	0.600830078	4	4	1	1	0	2	[0, 1]	[4, 5, 6]	[0, 1]
0.09	phi_minus	2	lookahead	TRUE	0.815610846	0.973144531	8	8	4	1	0	3	[4, 6]	[4, 5, 6]	[0, 1]
0.09	phi_minus	2	lookahead	FALSE	0.400250814	0.600830078	4	4	1	1	0	2	[0, 1]	[4, 5, 6]	[0, 1]
0.09	phi_minus	3	sabre	TRUE	0.814315271	0.900146484	4	7	4	1	0	2	[4, 6]	[4, 5, 6]	[0, 1]
0.09	phi_minus	3	sabre	FALSE	0.400250814	0.600830078	4	4	1	1	0	2	[0, 1]	[4, 5, 6]	[0, 1]
0.09	phi_minus	3	lookahead	TRUE	0.815610846	0.973144531	8	8	4	1	0	3	[4, 6]	[4, 5, 6]	[0, 1]
0.09	phi_minus	3	lookahead	FALSE	0.400250814	0.600830078	4	4	1	1	0	2	[0, 1]	[4, 5, 6]	[0, 1]
0.09	psi_plus	1	sabre	TRUE	0.774342657	0.870605469	5	8	4	1	1	2	[4, 6]	[4, 5, 6]	[0, 1]
0.09	psi_plus	1	sabre	FALSE	0.382941921	0.608886719	5	5	1	1	1	2	[0, 1]	[4, 5, 6]	[0, 1]
0.09	psi_plus	1	lookahead	TRUE	0.775549616	0.942749023	8	8	4	1	1	2	[4, 6]	[4, 5, 6]	[0, 1]
0.09	psi_plus	1	lookahead	FALSE	0.382941921	0.608886719	5	5	1	1	1	2	[0, 1]	[4, 5, 6]	[0, 1]
0.09	psi_plus	2	sabre	TRUE	0.774342657	0.870605469	5	8	4	1	1	2	[4, 6]	[4, 5, 6]	[0, 1]
0.09	psi_plus	2	sabre	FALSE	0.382941921	0.608886719	5	5	1	1	1	2	[0, 1]	[4, 5, 6]	[0, 1]
0.09	psi_plus	2	lookahead	TRUE	0.775549616	0.942749023	8	8	4	1	1	2	[4, 6]	[4, 5, 6]	[0, 1]
0.09	psi_plus	2	lookahead	FALSE	0.382941921	0.608886719	5	5	1	1	1	2	[0, 1]	[4, 5, 6]	[0, 1]
0.09	psi_plus	3	sabre	TRUE	0.774342657	0.870605469	5	8	4	1	1	2	[4, 6]	[4, 5, 6]	[0, 1]
0.09	psi_plus	3	sabre	FALSE	0.382941921	0.608886719	5	5	1	1	1	2	[0, 1]	[4, 5, 6]	[0, 1]
0.09	psi_plus	3	lookahead	TRUE	0.775549616	0.942749023	8	8	4	1	1	2	[4, 6]	[4, 5, 6]	[0, 1]
0.09	psi_plus	3	lookahead	FALSE	0.382941921	0.608886719	5	5	1	1	1	2	[0, 1]	[4, 5, 6]	[0, 1]
0.09	psi_minus	1	sabre	TRUE	0.774342657	0.870605469	5	9	4	1	1	3	[4, 6]	[4, 5, 6]	[0, 1]
0.09	psi_minus	1	sabre	FALSE	0.382941921	0.608886719	5	6	1	1	1	3	[0, 1]	[4, 5, 6]	[0, 1]
0.09	psi_minus	1	lookahead	TRUE	0.775549616	0.942749023	8	9	4	1	1	3	[4, 6]	[4, 5, 6]	[0, 1]
0.09	psi_minus	1	lookahead	FALSE	0.382941921	0.608886719	5	6	1	1	1	3	[0, 1]	[4, 5, 6]	[0, 1]
0.09	psi_minus	2	sabre	TRUE	0.774342657	0.870605469	5	8	4	1	1	2	[4, 6]	[4, 5, 6]	[0, 1]
0.09	psi_minus	2	sabre	FALSE	0.382941921	0.608886719	5	5	1	1	1	2	[0, 1]	[4, 5, 6]	[0, 1]
0.09	psi_minus	2	lookahead	TRUE	0.775549616	0.942749023	8	9	4	1	1	3	[4, 6]	[4, 5, 6]	[0, 1]
0.09	psi_minus	2	lookahead	FALSE	0.382941921	0.608886719	5	5	1	1	1	2	[0, 1]	[4, 5, 6]	[0, 1]
0.09	psi_minus	3	sabre	TRUE	0.774342657	0.870605469	5	8	4	1	1	2	[4, 6]	[4, 5, 6]	[0, 1]
0.09	psi_minus	3	sabre	FALSE	0.382941921	0.608886719	5	5	1	1	1	2	[0, 1]	[4, 5, 6]	[0, 1]
0.09	psi_minus	3	lookahead	TRUE	0.775549616	0.942749023	8	9	4	1	1	3	[4, 6]	[4, 5, 6]	[0, 1]
0.09	psi_minus	3	lookahead	FALSE	0.382941921	0.608886719	5	5	1	1	1	2	[0, 1]	[4, 5, 6]	[0, 1]
0.1	phi_plus	1	sabre	TRUE	0.795855471	0.890625	4	7	4	1	0	2	[4, 6]	[4, 5, 6]	[0, 1]
0.1	phi_plus	1	sabre	FALSE	0.339180013	0.556762695	4	4	1	1	0	2	[0, 1]	[4, 5, 6]	[0, 1]
0.1	phi_plus	1	lookahead	TRUE	0.797434089	0.969604492	7	7	4	1	0	2	[4, 6]	[4, 5, 6]	[0, 1]
0.1	phi_plus	1	lookahead	FALSE	0.339180013	0.556762695	4	4	1	1	0	2	[0, 1]	[4, 5, 6]	[0, 1]
0.1	phi_plus	2	sabre	TRUE	0.795855471	0.890625	4	7	4	1	0	2	[4, 6]	[4, 5, 6]	[0, 1]
0.1	phi_plus	2	sabre	FALSE	0.339180013	0.556762695	4	4	1	1	0	2	[0, 1]	[4, 5, 6]	[0, 1]
0.1	phi_plus	2	lookahead	TRUE	0.797434089	0.969604492	7	7	4	1	0	2	[4, 6]	[4, 5, 6]	[0, 1]
0.1	phi_plus	2	lookahead	FALSE	0.339180013	0.556762695	4	4	1	1	0	2	[0, 1]	[4, 5, 6]	[0, 1]
0.1	phi_plus	3	sabre	TRUE	0.795855471	0.890625	4	7	4	1	0	2	[4, 6]	[4, 5, 6]	[0, 1]
0.1	phi_plus	3	sabre	FALSE	0.339180013	0.556762695	4	4	1	1	0	2	[0, 1]	[4, 5, 6]	[0, 1]
0.1	phi_plus	3	lookahead	TRUE	0.797434089	0.969604492	7	7	4	1	0	2	[4, 6]	[4, 5, 6]	[0, 1]
0.1	phi_plus	3	lookahead	FALSE	0.339180013	0.556762695	4	4	1	1	0	2	[0, 1]	[4, 5, 6]	[0, 1]
0.1	phi_minus	1	sabre	TRUE	0.79585547	0.890625	5	8	4	1	0	3	[4, 6]	[4, 5, 6]	[0, 1]
0.1	phi_minus	1	sabre	FALSE	0.339180013	0.556762695	5	5	1	1	0	3	[0, 1]	[4, 5, 6]	[0, 1]
0.1	phi_minus	1	lookahead	TRUE	0.797434088	0.969604492	8	8	4	1	0	3	[4, 6]	[4, 5, 6]	[0, 1]
0.1	phi_minus	1	lookahead	FALSE	0.339180013	0.556762695	5	5	1	1	0	3	[0, 1]	[4, 5, 6]	[0, 1]
0.1	phi_minus	2	sabre	TRUE	0.795855471	0.890625	4	7	4	1	0	2	[4, 6]	[4, 5, 6]	[0, 1]
0.1	phi_minus	2	sabre	FALSE	0.339180013	0.556762695	4	4	1	1	0	2	[0, 1]	[4, 5, 6]	[0, 1]
0.1	phi_minus	2	lookahead	TRUE	0.797434088	0.969604492	8	8	4	1	0	3	[4, 6]	[4, 5, 6]	[0, 1]
0.1	phi_minus	2	lookahead	FALSE	0.339180013	0.556762695	4	4	1	1	0	2	[0, 1]	[4, 5, 6]	[0, 1]
0.1	phi_minus	3	sabre	TRUE	0.795855471	0.890625	4	7	4	1	0	2	[4, 6]	[4, 5, 6]	[0, 1]
0.1	phi_minus	3	sabre	FALSE	0.339180013	0.556762695	4	4	1	1	0	2	[0, 1]	[4, 5, 6]	[0, 1]
0.1	phi_minus	3	lookahead	TRUE	0.797434088	0.969604492	8	8	4	1	0	3	[4, 6]	[4, 5, 6]	[0, 1]
0.1	phi_minus	3	lookahead	FALSE	0.339180013	0.556762695	4	4	1	1	0	2	[0, 1]	[4, 5, 6]	[0, 1]
0.1	psi_plus	1	sabre	TRUE	0.752685699	0.857910156	5	8	4	1	1	2	[4, 6]	[4, 5, 6]	[0, 1]
0.1	psi_plus	1	sabre	FALSE	0.327764973	0.567871094	5	5	1	1	1	2	[0, 1]	[4, 5, 6]	[0, 1]
0.1	psi_plus	1	lookahead	TRUE	0.754144342	0.937988281	8	8	4	1	1	2	[4, 6]	[4, 5, 6]	[0, 1]
0.1	psi_plus	1	lookahead	FALSE	0.327764973	0.567871094	5	5	1	1	1	2	[0, 1]	[4, 5, 6]	[0, 1]
0.1	psi_plus	2	sabre	TRUE	0.752685699	0.857910156	5	8	4	1	1	2	[4, 6]	[4, 5, 6]	[0, 1]
0.1	psi_plus	2	sabre	FALSE	0.327764973	0.567871094	5	5	1	1	1	2	[0, 1]	[4, 5, 6]	[0, 1]
0.1	psi_plus	2	lookahead	TRUE	0.754144342	0.937988281	8	8	4	1	1	2	[4, 6]	[4, 5, 6]	[0, 1]
0.1	psi_plus	2	lookahead	FALSE	0.327764973	0.567871094	5	5	1	1	1	2	[0, 1]	[4, 5, 6]	[0, 1]
0.1	psi_plus	3	sabre	TRUE	0.752685699	0.857910156	5	8	4	1	1	2	[4, 6]	[4, 5, 6]	[0, 1]
0.1	psi_plus	3	sabre	FALSE	0.327764973	0.567871094	5	5	1	1	1	2	[0, 1]	[4, 5, 6]	[0, 1]
0.1	psi_plus	3	lookahead	TRUE	0.754144342	0.937988281	8	8	4	1	1	2	[4, 6]	[4, 5, 6]	[0, 1]
0.1	psi_plus	3	lookahead	FALSE	0.327764973	0.567871094	5	5	1	1	1	2	[0, 1]	[4, 5, 6]	[0, 1]
0.1	psi_minus	1	sabre	TRUE	0.752685698	0.857910156	5	9	4	1	1	3	[4, 6]	[4, 5, 6]	[0, 1]
0.1	psi_minus	1	sabre	FALSE	0.327764973	0.567871094	5	6	1	1	1	3	[0, 1]	[4, 5, 6]	[0, 1]
0.1	psi_minus	1	lookahead	TRUE	0.754144342	0.937988281	8	9	4	1	1	3	[4, 6]	[4, 5, 6]	[0, 1]
0.1	psi_minus	1	lookahead	FALSE	0.327764973	0.567871094	5	6	1	1	1	3	[0, 1]	[4, 5, 6]	[0, 1]
0.1	psi_minus	2	sabre	TRUE	0.752685699	0.857910156	5	8	4	1	1	2	[4, 6]	[4, 5, 6]	[0, 1]
0.1	psi_minus	2	sabre	FALSE	0.327764973	0.567871094	5	5	1	1	1	2	[0, 1]	[4, 5, 6]	[0, 1]
0.1	psi_minus	2	lookahead	TRUE	0.754144342	0.937988281	8	9	4	1	1	3	[4, 6]	[4, 5, 6]	[0, 1]
0.1	psi_minus	2	lookahead	FALSE	0.327764973	0.567871094	5	5	1	1	1	2	[0, 1]	[4, 5, 6]	[0, 1]
0.1	psi_minus	3	sabre	TRUE	0.752685699	0.857910156	5	8	4	1	1	2	[4, 6]	[4, 5, 6]	[0, 1]
0.1	psi_minus	3	sabre	FALSE	0.327764973	0.567871094	5	5	1	1	1	2	[0, 1]	[4, 5, 6]	[0, 1]
0.1	psi_minus	3	lookahead	TRUE	0.754144342	0.937988281	8	9	4	1	1	3	[4, 6]	[4, 5, 6]	[0, 1]
0.1	psi_minus	3	lookahead	FALSE	0.327764973	0.567871094	5	5	1	1	1	2	[0, 1]	[4, 5, 6]	[0, 1]
